1,Salvador,Lorem ipsum dolor sit amet, consectetuer adipiscing
2,Quintessa,Lorem ipsum dolor sit
3,Lisandra,Lorem ipsum dolor sit
4,Zahir,Lorem ipsum dolor sit amet, consectetuer adipiscing elit. Curabitur
5,Sierra,Lorem ipsum dolor sit amet, consectetuer adipiscing
6,Quentin,Lorem ipsum dolor sit amet, consectetuer adipiscing
7,Mariko,Lorem
8,Rachel,Lorem ipsum dolor sit amet, consectetuer adipiscing
9,Seth,Lorem
10,Kenyon,Lorem
11,Katelyn,Lorem ipsum dolor sit amet, consectetuer
12,Rachel,Lorem ipsum dolor sit amet, consectetuer adipiscing elit. Curabitur sed
13,Clare,Lorem
14,Claudia,Lorem ipsum
15,Alfonso,Lorem ipsum dolor
16,Malik,Lorem ipsum dolor sit
17,Olympia,Lorem ipsum
18,Xenos,Lorem ipsum dolor sit amet, consectetuer adipiscing
19,Dexter,Lorem ipsum dolor sit amet,
20,Leilani,Lorem ipsum dolor sit amet, consectetuer
21,Alexis,Lorem ipsum dolor sit amet, consectetuer adipiscing elit. Curabitur
22,Leila,Lorem ipsum
23,Vernon,Lorem ipsum dolor sit amet, consectetuer
24,Skyler,Lorem ipsum dolor sit amet,
25,Fuller,Lorem ipsum dolor sit amet,
26,Illiana,Lorem ipsum dolor sit
27,Burke,Lorem ipsum dolor sit amet,
28,Joel,Lorem ipsum dolor sit amet, consectetuer
29,Blaine,Lorem ipsum dolor sit amet, consectetuer adipiscing elit.
30,Thaddeus,Lorem ipsum dolor sit amet, consectetuer adipiscing
31,Hoyt,Lorem
32,Zephania,Lorem ipsum dolor sit amet, consectetuer adipiscing
33,Hashim,Lorem ipsum dolor sit amet, consectetuer
34,Kelly,Lorem ipsum
35,Brooke,Lorem ipsum
36,Whoopi,Lorem ipsum dolor sit
37,Bianca,Lorem ipsum dolor sit amet, consectetuer
38,Desiree,Lorem
39,Kimberly,Lorem ipsum
40,Nita,Lorem ipsum dolor
41,Lawrence,Lorem ipsum dolor sit
42,Axel,Lorem ipsum dolor sit amet, consectetuer
43,Kelsey,Lorem ipsum dolor sit amet, consectetuer adipiscing elit. Curabitur
44,Winifred,Lorem ipsum
45,Melanie,Lorem ipsum dolor sit amet, consectetuer
46,Timothy,Lorem ipsum dolor sit amet, consectetuer
47,Cheryl,Lorem ipsum dolor sit amet, consectetuer adipiscing elit.
48,Tanya,Lorem ipsum dolor sit
49,Travis,Lorem ipsum dolor sit amet, consectetuer adipiscing elit. Curabitur sed
50,Caesar,Lorem ipsum dolor sit amet, consectetuer adipiscing elit.
51,Nash,Lorem ipsum dolor sit amet, consectetuer adipiscing elit. Curabitur sed
52,Kirestin,Lorem ipsum dolor sit
53,Steven,Lorem
54,Stacey,Lorem ipsum dolor sit amet, consectetuer adipiscing
55,Merritt,Lorem ipsum dolor
56,Sonia,Lorem ipsum dolor sit amet, consectetuer
57,Otto,Lorem ipsum dolor sit amet, consectetuer adipiscing elit.
58,Ora,Lorem ipsum dolor sit amet, consectetuer adipiscing elit.
59,Kaden,Lorem ipsum dolor sit amet,
60,Porter,Lorem ipsum dolor sit amet,
61,Owen,Lorem ipsum dolor sit
62,Tatiana,Lorem ipsum dolor sit amet, consectetuer adipiscing elit.
63,Serena,Lorem ipsum dolor sit amet, consectetuer adipiscing elit.
64,Kelsey,Lorem
65,Marcia,Lorem ipsum dolor sit amet, consectetuer adipiscing elit.
66,Iola,Lorem
67,Quemby,Lorem ipsum dolor
68,Valentine,Lorem ipsum dolor sit amet,
69,Cailin,Lorem
70,Maxwell,Lorem ipsum dolor sit amet, consectetuer adipiscing elit.
71,Barbara,Lorem ipsum dolor sit
72,Lareina,Lorem ipsum
73,Louis,Lorem ipsum dolor sit amet,
74,Dylan,Lorem ipsum dolor sit amet, consectetuer adipiscing
75,Magee,Lorem ipsum dolor sit
76,Ainsley,Lorem ipsum dolor sit
77,Warren,Lorem ipsum dolor sit amet, consectetuer adipiscing elit.
78,Jane,Lorem ipsum dolor sit amet,
79,Ella,Lorem
80,Kevyn,Lorem ipsum dolor
81,Vincent,Lorem ipsum dolor
82,Alea,Lorem ipsum dolor sit
83,Nash,Lorem ipsum
84,Allistair,Lorem ipsum dolor sit
85,Francesca,Lorem ipsum dolor sit amet,
86,Alika,Lorem ipsum dolor sit amet, consectetuer adipiscing elit. Curabitur sed
87,Elizabeth,Lorem ipsum dolor sit amet,
88,Taylor,Lorem ipsum dolor sit amet, consectetuer adipiscing elit. Curabitur
89,Neville,Lorem
90,Courtney,Lorem ipsum dolor
91,Caldwell,Lorem ipsum dolor sit
92,Mari,Lorem ipsum dolor sit amet, consectetuer
93,Kyla,Lorem ipsum dolor sit amet, consectetuer
94,Kelly,Lorem ipsum dolor
95,Stuart,Lorem ipsum
96,Bethany,Lorem ipsum dolor sit amet, consectetuer
97,Erich,Lorem ipsum dolor sit amet, consectetuer adipiscing elit. Curabitur
98,Heidi,Lorem ipsum dolor sit
99,Wynne,Lorem ipsum dolor
100,Kelsey,Lorem ipsum dolor sit amet,